{"cameraMode":{"drawMode":0,"name":"Shaded","section":"Shading Mode"},"sceneLighting":false,"audioPlay":false,"sceneViewState":{"showFog":true,"showMaterialUpdate":false,"showSkybox":false,"showFlares":true,"showImageEffects":true,"showParticleSystems":true},"in2DMode":false,"pivot":{"x":-3.646437168121338,"y":0.6258239150047302,"z":6.0766072273254398},"rotation":{"x":0.0005599332507699728,"y":0.9993044137954712,"z":-0.01680014282464981,"w":0.03328908607363701},"size":4.020551681518555,"orthographic":false}